age,material,country,M1,M2,M3
25,Vinyl,China,11,1.0340590965,-0.46
14,Brass,Argentina,11,0.2102177878,-4.73
30,Glass,Mexico,6,0.1941027078,-0.48
17,Rubber,Kuwait,10,0.0477034037,0.96
24,Rubber,China,7,0.6344148054,4.29
20,Stone,Brazil,6,0.2861233142,3.73
30,Steel,Afghanistan,4,0.1185480646,-1.36
18,Steel,Indonesia,8,0.4287779538,0.93
20,Plexiglass,Portugal,4,0.0822223462,0.18
20,Plastic,China,6,0.2456589216,-10.06
19,Vinyl,Brazil,7,,0.45
29,Granite,Indonesia,12,,1.64
11,Rubber,Argentina,9,0.2592816973,-2.8
20,Wood,Russia,11,0.0896105454,2.55
11,Granite,Brazil,8,0.062165514,-2.99
22,Wood,Poland,6,0.0017173668,-3.91
30,Glass,Netherlands,9,0.1556701436,0.54
13,Brass,China,12,0.1766522358,4.17
24,Stone,Indonesia,6,0.0063721491,-4.97
14,Plastic,China,10,,-3.08
28,Stone,Portugal,9,,-1.62
21,Glass,Ireland,8,0.4535831331,-1.49
25,Stone,Brazil,13,,0.68
16,Rubber,South Korea,6,,-6.75
25,Steel,Burkina Faso,15,,-3.76
27,Glass,Indonesia,3,0.0013525796,-4.61
13,Plexiglass,Indonesia,12,,-3.68
11,Plexiglass,Philippines,10,0.0167159109,1.84
20,Plexiglass,Azerbaijan,5,0.0481568531,3.07
10,Glass,Russia,10,0.3377113211,3.94
29,Aluminum,Sweden,10,0.0528870919,-3.22
13,Plastic,Russia,6,,-0.75
22,Vinyl,Czech Republic,10,0.0251326111,2.18
16,Granite,China,11,0.1685886461,5.99
10,Plexiglass,Peru,8,,-2.46
24,Vinyl,Greece,5,0.4612122308,3.35
22,Steel,Norfolk Island,6,0.4540334846,-6.0
19,Rubber,Lesotho,12,0.094779899,0.94
15,Plastic,Syria,5,0.036723188,3.73
27,Vinyl,Poland,9,0.1621028266,-0.97
13,Granite,Indonesia,12,0.0474622806,0.7
17,Glass,Russia,8,0.0219784815,-5.03
11,Plexiglass,Colombia,7,0.06946849,0.25
10,Glass,China,15,,4.67
28,Glass,Czech Republic,5,0.2089516913,0.57
25,Plastic,Philippines,6,0.0928214882,-0.25
13,Granite,Poland,9,0.321174672,6.81
25,Wood,Ukraine,12,0.0629624285,-4.55
30,Rubber,Honduras,8,0.0325205729,-0.86
24,Granite,Ukraine,9,0.3171177099,-0.79
27,Steel,Philippines,9,0.5693132771,6.62
16,Brass,Brazil,10,,0.94
28,Stone,China,11,0.0144743645,-1.38
21,Granite,Philippines,7,0.0317948581,1.59
19,Stone,Indonesia,13,0.0223554601,-5.15
17,Plexiglass,Colombia,15,0.2551501651,-3.12
29,Rubber,China,9,,1.09
21,Rubber,Indonesia,9,,4.05
15,Aluminum,Sri Lanka,4,0.239832625,2.28
15,Granite,Philippines,4,0.3417356114,0.29
11,Wood,Albania,9,0.3646732036,-0.41
24,Plastic,Brazil,9,0.2262703435,4.74
25,Rubber,Thailand,15,0.0145420784,1.08
18,Rubber,China,7,,-0.19
23,Vinyl,Colombia,16,,0.85
28,Glass,Russia,6,0.0560232689,1.07
26,Rubber,France,4,0.0316428269,-5.03
10,Aluminum,Philippines,4,0.3520119953,-2.81
30,Wood,China,9,0.0128192132,-5.15
30,Rubber,China,6,0.011006498,-5.8
30,Granite,China,8,0.1120880456,2.77
19,Wood,Japan,8,0.0200665519,-4.73
11,Vinyl,Latvia,7,0.0743898054,-2.82
29,Vinyl,Libya,11,0.1417516895,0.29
25,Plexiglass,Denmark,12,0.3259117344,1.23
22,Vinyl,Albania,9,0.9832625878,1.21
24,Granite,Poland,7,0.070510043,-1.13
17,Stone,China,18,0.0555795313,4.4
20,Glass,Peru,13,,3.34
13,Vinyl,Russia,10,0.2358314806,-2.38
11,Brass,China,11,0.2996047966,0.31
17,Wood,China,9,,0.42
23,Plexiglass,United States,9,0.3002692766,-1.24
25,Steel,Russia,13,0.6878487054,-2.39
15,Brass,Gabon,16,0.0057260558,-1.1
20,Glass,Bosnia and Herzegovina,17,0.0667169331,0.02
27,Plastic,Mongolia,4,0.3208726741,0.28
11,Stone,Indonesia,12,0.095328838,6.15
19,Rubber,Philippines,6,0.2234777284,-2.4
18,Vinyl,Mexico,9,0.2491878489,-0.6
21,Plastic,Uzbekistan,4,,6.33
17,Glass,Philippines,10,0.0406608072,0.03
24,Steel,Indonesia,13,0.1384553944,-1.04
11,Plastic,Macedonia,11,0.3881631627,-0.45
15,Brass,France,8,0.1660344211,-4.55
13,Aluminum,Ethiopia,5,0.0884173879,0.53
22,Plexiglass,Czech Republic,3,0.300787336,-2.39
14,Plexiglass,Belarus,15,,-4.49
16,Stone,Brazil,14,0.1747078346,-0.63
27,Brass,China,12,,-2.5
25,Stone,Ivory Coast,14,,0.79
10,Brass,China,12,0.0010633001,0.93
10,Plexiglass,China,12,0.266973808,-5.56
21,Wood,United States,8,0.1573930797,-2.71
13,Wood,United States,11,,-1.21
24,Glass,Ukraine,7,0.1169767308,0.51
23,Brass,Colombia,14,0.0658202007,0.45
14,Glass,Azerbaijan,8,0.3476964551,-1.12
23,Plastic,China,6,,-0.93
22,Aluminum,Armenia,10,0.1709245309,-4.3
19,Wood,Indonesia,8,0.0382595696,2.98
14,Plastic,China,10,,0.32
29,Rubber,Armenia,1,0.1467254496,-1.96
13,Wood,France,11,0.082787696,-2.35
28,Rubber,Nigeria,6,0.1081748432,-2.82
25,Steel,Uganda,6,0.7369419491,6.61
21,Plastic,Japan,6,0.3269440163,-3.93
25,Vinyl,China,10,0.0823136824,-1.29
17,Vinyl,Trinidad and Tobago,7,0.445587447,-1.21
12,Stone,United Kingdom,9,0.0052287563,-3.03
16,Aluminum,Philippines,10,0.1569587151,2.19
25,Rubber,Russia,14,0.051979122,1.41
30,Granite,Croatia,10,0.0537116227,-5.6
12,Stone,Nicaragua,12,0.2714826166,-0.96
11,Granite,Canada,4,0.0922950249,0.26
18,Steel,Finland,7,,-0.68
11,Brass,Indonesia,11,0.0157880117,5.53
26,Plastic,Brazil,6,,1.43
28,Vinyl,Indonesia,7,0.0471564169,-5.78
25,Brass,Russia,7,0.0240018175,1.8
23,Wood,France,12,0.1683505024,-1.7
27,Granite,Russia,5,,8.16
12,Vinyl,Sweden,12,0.0758991789,5.06
29,Plastic,Indonesia,9,0.1093904856,-1.42
13,Plastic,China,4,0.2261485171,2.59
23,Steel,China,10,0.1897662304,-0.42
30,Glass,Thailand,10,0.1865767797,-8.14
19,Vinyl,Russia,7,0.4971272256,-3.88
15,Glass,France,12,0.0218258553,-5.94
22,Vinyl,Ukraine,8,,-0.95
29,Aluminum,Malaysia,8,0.137961613,0.92
27,Plexiglass,Uganda,7,,-4.64
15,Rubber,Argentina,4,0.0652278292,3.81
21,Aluminum,Canada,6,,-0.45
16,Plastic,Ethiopia,11,0.058230207,0.23
11,Brass,Iran,7,0.0038835831,-0.01
17,Vinyl,China,13,0.0188643075,-2.29
11,Plastic,Poland,10,,-3.44
23,Brass,Kuwait,8,0.0309283976,-3.16
20,Rubber,Philippines,13,0.0654633227,0.8
13,Brass,Indonesia,4,0.1235272602,5.4
16,Steel,Albania,10,0.1861661618,-1.58
10,Plexiglass,Nicaragua,8,0.3284971908,0.87
22,Granite,Kazakhstan,9,0.2532655917,5.32
13,Wood,Guatemala,16,0.2025440964,-6.06
20,Steel,China,12,,2.64
30,Steel,Czech Republic,14,,-2.79
16,Plexiglass,Indonesia,10,0.1098872418,-4.72
22,Wood,Croatia,12,,7.4
27,Plexiglass,South Africa,10,0.029057289,3.15
30,Wood,Thailand,4,0.1398062131,2.04
23,Wood,France,13,0.2741990758,-5.89
22,Stone,Vietnam,13,0.1937696837,0.35
22,Brass,Angola,10,0.1453207442,0.03
23,Wood,Canada,13,,2.43
12,Steel,Haiti,6,0.282367138,4.53
29,Steel,Russia,6,0.0340585205,-0.57
27,Rubber,Thailand,6,0.2134205955,2.17
10,Brass,Colombia,12,,-1.16
23,Steel,Philippines,8,0.1349199431,1.25
20,Vinyl,Indonesia,7,0.2073088321,-0.71
13,Granite,Czech Republic,13,0.212492465,-0.51
24,Aluminum,China,18,0.1159327468,-0.01
24,Steel,Poland,11,0.0207383623,-2.49
11,Vinyl,South Africa,5,0.039706163,-2.01
11,Wood,Egypt,9,,3.86
13,Glass,Ukraine,8,0.300859872,-0.63
10,Brass,United States,7,0.1043968812,-3.72
21,Plastic,Thailand,11,0.2445101375,-1.68
25,Vinyl,Brazil,7,0.0242775933,-0.41
21,Plastic,Afghanistan,13,0.2008038377,0.18
20,Aluminum,Philippines,8,0.0674068602,1.12
14,Steel,China,9,,-3.23
11,Stone,Ukraine,12,,0.28
28,Wood,China,8,0.0844286691,2.86
11,Glass,Luxembourg,13,0.1053486655,3.03
24,Brass,Portugal,9,0.2952099804,1.29
12,Glass,Indonesia,9,0.2370141979,10.34
15,Vinyl,China,5,,-0.26
22,Stone,Iran,10,0.4960713038,-4.47
25,Steel,Philippines,9,0.0469927869,-2.49
29,Plexiglass,Vietnam,9,0.0692866987,-1.63
18,Wood,China,10,0.8465107573,-1.55
16,Plastic,Argentina,7,0.2414158506,-3.74
18,Steel,Tanzania,6,0.0223738011,1.82
28,Wood,Indonesia,11,,4.3
16,Granite,Greece,10,0.0453771112,1.23
17,Stone,Peru,9,0.0620266253,2.62
20,Stone,Poland,11,0.1437161904,-2.42
22,Plastic,Philippines,8,0.0302769225,-1.84
14,Stone,Bosnia and Herzegovina,5,0.0682363888,1.27
12,Plastic,Nepal,13,,0.51
29,Glass,Poland,17,0.065756288,0.43
26,Stone,Argentina,8,0.0896976169,-1.37
20,Rubber,Thailand,8,0.384583451,0.85
30,Plexiglass,Philippines,8,0.0077122194,-1.02
22,Plastic,Saudi Arabia,10,0.0640505652,-1.32
14,Plastic,Syria,7,0.1286997303,-4.53
29,Aluminum,Armenia,11,,4.9
26,Glass,Croatia,14,0.0933224971,2.09
16,Aluminum,China,7,0.1615167729,-3.72
15,Rubber,Indonesia,8,0.011674468,4.4
30,Aluminum,Poland,7,0.3132957427,6.38
16,Stone,Indonesia,12,,1.55
30,Plexiglass,China,9,0.325947948,-3.65
16,Aluminum,China,7,0.9164036082,1.6
24,Rubber,Armenia,10,0.224531675,2.7
20,Aluminum,Brazil,10,0.4273925531,-5.85
20,Steel,Norway,10,0.0760705599,-2.12
27,Rubber,Brazil,7,0.1292643466,-2.03
11,Plexiglass,Portugal,11,0.2293531118,-3.94
28,Stone,China,11,0.0000253371,4.29
22,Aluminum,Portugal,11,0.4019909952,0.41
12,Aluminum,Czech Republic,8,0.2216616778,0.75
11,Steel,Mongolia,3,0.2918346601,4.06
20,Rubber,China,5,0.5453668313,1.39
27,Glass,United States,8,0.1174347544,3.71
28,Aluminum,China,18,0.1216088722,-1.6
21,Rubber,Ireland,11,,3.19
17,Glass,Sweden,6,,1.27
24,Brass,Indonesia,12,0.4067836544,5.53
30,Glass,Iran,3,0.0260929872,-1.05
14,Aluminum,Indonesia,12,,-1.68
24,Steel,China,5,0.0693727952,-2.05
22,Steel,Indonesia,6,0.2318754624,-4.56
12,Granite,Latvia,5,0.0669941351,0.15
21,Stone,Germany,17,,-3.78
26,Granite,Poland,7,,-0.57
27,Wood,Indonesia,9,,3.17
22,Steel,Poland,6,0.0281692386,4.65
23,Brass,Greece,10,0.0046808222,5.7
22,Plexiglass,Ukraine,6,0.6069607499,0.8
24,Vinyl,China,8,0.0520386257,1.54
17,Glass,Greece,10,0.4393056399,-3.5
11,Aluminum,Russia,1,0.0481627381,0.9
25,Glass,Poland,4,,-2.9
17,Plexiglass,Sudan,5,,-4.27
30,Stone,Sweden,8,,-2.32
27,Brass,Czech Republic,12,0.2042627307,1.43
12,Vinyl,France,9,0.0710444844,3.02
18,Granite,Japan,6,1.1288434335,1.52
15,Steel,Indonesia,14,,-0.58
29,Steel,Cuba,14,0.8462410015,-2.74
25,Aluminum,Mexico,12,0.4974189496,-1.77
10,Granite,China,11,0.0408052467,1.97
14,Granite,China,13,0.0801620956,5.25
12,Wood,Brazil,6,0.1751156196,-4.82
18,Plexiglass,Argentina,6,0.0099198104,3.56
14,Granite,Philippines,8,0.0695871479,4.68
15,Plastic,Canada,5,0.0707152899,2.8
23,Glass,Indonesia,11,0.137844551,3.86
15,Rubber,Afghanistan,8,,-3.53
23,Steel,Portugal,9,0.0412769501,1.08
30,Brass,Dominican Republic,9,0.2571842701,-0.5
11,Aluminum,Peru,11,,1.67
20,Glass,Luxembourg,3,0.2184109249,1.2
24,Glass,Israel,7,0.3199463814,2.11
25,Rubber,France,10,0.2898818212,-1.6
18,Steel,Indonesia,6,,-0.13
23,Steel,Moldova,11,0.0119864206,-0.48
19,Plastic,Yemen,9,0.088099193,3.1
16,Plastic,Iran,15,0.1830331333,3.11
13,Steel,North Korea,12,0.1309504669,3.21
30,Aluminum,Canada,9,,-0.99
22,Steel,China,5,0.110560275,-0.19
14,Glass,Philippines,9,0.279943279,1.55
18,Rubber,Malaysia,8,,-1.08
25,Rubber,China,10,0.2161744761,2.16
17,Brass,Indonesia,7,0.2912155147,4.44
26,Plexiglass,China,6,0.1039349639,-0.5
16,Steel,Sweden,14,,-3.33
28,Plexiglass,France,6,0.0126694801,2.41
23,Vinyl,Philippines,6,0.2794659554,-2.75
12,Aluminum,Thailand,7,0.1650938261,0.4
20,Rubber,China,6,,0.73
23,Granite,Russia,13,0.0370128068,-0.26
29,Steel,Armenia,7,0.0004010111,-3.15
22,Granite,Brazil,10,0.3919367826,4.03
17,Aluminum,Ukraine,9,0.2462381979,0.32
18,Rubber,Croatia,11,,1.55
25,Brass,Czech Republic,11,0.1565016578,1.0
13,Granite,Poland,8,0.0643649349,0.94
21,Brass,Iceland,6,0.0798043246,3.66
10,Plastic,Macedonia,7,0.0556793742,0.48
15,Stone,China,20,0.0480324713,1.57
14,Brass,Nigeria,8,0.0012931693,-1.41
15,Plexiglass,Syria,10,0.0913185892,3.59
17,Plexiglass,Dominican Republic,14,0.1651196172,-0.1
29,Granite,Thailand,7,0.2911871001,3.95
28,Stone,Russia,10,,1.0
15,Brass,Malaysia,5,0.4841058256,-3.01
18,Wood,China,11,,1.71
22,Rubber,Russia,10,0.1986566777,-1.36
28,Vinyl,China,5,,0.1
10,Plastic,China,6,0.2204478573,0.47
13,Glass,North Korea,12,0.9184871201,0.93
22,Steel,Jordan,5,0.1218367877,2.74
14,Glass,China,7,0.1897772772,-0.83
15,Brass,Sierra Leone,10,0.1545772906,2.46
23,Aluminum,Argentina,18,,-4.94
10,Granite,Indonesia,6,0.0087381673,0.57
10,Vinyl,Czech Republic,8,,-0.75
29,Stone,Argentina,10,0.1955531207,-2.08
22,Wood,Argentina,8,0.1177059169,-0.52
25,Plastic,Philippines,14,,1.81
17,Stone,Kosovo,8,0.5211738602,-2.92
24,Plastic,Madagascar,9,0.222214797,1.69
10,Plastic,Indonesia,8,0.2881991804,4.41
18,Stone,China,10,0.035530412,0.28
16,Granite,China,6,0.3379986504,2.4
14,Aluminum,Philippines,10,0.2485942888,-1.67
29,Wood,Canada,6,,1.58
12,Rubber,Argentina,9,,-2.5
13,Stone,Ukraine,13,,4.02
26,Steel,Brazil,3,0.0121030531,-2.41
18,Plastic,Indonesia,11,0.264496006,0.24
25,Granite,Mauritius,9,,1.62
12,Plexiglass,Peru,13,0.1819164725,1.78
25,Aluminum,Russia,7,0.3779033273,0.51
23,Rubber,Philippines,4,0.3787020245,-5.77
14,Brass,Peru,5,0.1313908331,2.78
30,Steel,China,6,0.3781355209,-2.14
27,Rubber,Peru,9,0.0171778343,-1.55
21,Rubber,Philippines,11,0.1033631282,2.25
15,Plexiglass,China,10,,-1.58
10,Vinyl,Bosnia and Herzegovina,11,0.1214998471,-3.77
25,Plastic,Indonesia,11,0.1914067914,6.93
12,Rubber,Peru,10,0.0534820044,-2.33
18,Wood,Poland,6,0.149420406,5.12
29,Aluminum,Mozambique,17,0.0769484013,1.44
17,Wood,China,9,0.0047603076,-0.99
16,Stone,Montenegro,10,0.6076449311,-2.86
12,Stone,Brazil,13,,3.06
30,Rubber,China,11,0.4590412464,2.42
15,Stone,China,6,,-0.67
29,Wood,Sweden,9,0.0327711754,0.58
18,Stone,Sri Lanka,9,0.1295773051,1.95
22,Glass,China,9,,6.23
23,Vinyl,China,10,0.335061497,-0.17
26,Vinyl,China,9,0.7151818229,0.55
30,Vinyl,Nigeria,10,0.2275675839,-4.98
24,Plastic,China,9,0.1636355185,2.09
27,Plexiglass,Thailand,8,0.0856585949,-5.38
25,Plastic,Mexico,9,0.1427427642,3.98
16,Aluminum,Russia,13,0.0743189257,-2.49
26,Glass,Indonesia,5,0.1064493561,-4.12
15,Glass,South Africa,7,,-0.48
11,Wood,Poland,11,0.3220455775,0.33
19,Vinyl,Greece,7,0.1584570514,1.05
22,Plastic,Malaysia,10,0.0155137234,-0.31
27,Glass,Somalia,12,0.2196798738,0.81
10,Aluminum,Dominican Republic,8,0.0520390812,-3.04
16,Aluminum,Poland,10,0.1566330548,0.16
13,Steel,Peru,11,0.0670610539,0.73
10,Glass,Bulgaria,5,0.6653012263,-2.88
28,Vinyl,Moldova,12,0.3743302898,3.77
29,Glass,Russia,8,0.0794002758,2.32
21,Plastic,France,7,0.054363076,-0.83
29,Brass,Argentina,6,0.059857422,-1.58
11,Plastic,Finland,10,0.7069136836,-5.95
17,Glass,Philippines,15,,-0.27
28,Brass,Russia,9,0.4668307101,-1.42
27,Granite,Dominican Republic,12,0.0727521656,-0.91
25,Vinyl,France,10,,-3.53
27,Steel,Egypt,7,0.1575962962,-3.46
11,Aluminum,China,8,0.127029218,2.9
26,Vinyl,Brazil,6,,2.3
30,Stone,Indonesia,8,0.5844713287,0.73
22,Granite,Indonesia,5,0.049706273,-1.85
20,Steel,Cameroon,7,0.011662947,1.52
24,Plexiglass,Poland,10,,-1.68
25,Rubber,Bolivia,7,0.0022292679,-3.55
16,Steel,China,14,0.0219613027,-2.22
11,Aluminum,China,12,0.9841488854,2.69
17,Plastic,China,6,0.274134366,-0.33
28,Steel,China,10,0.1038309675,1.09
15,Brass,Poland,9,0.5410352309,1.2
27,Brass,Russia,13,0.0898786415,-3.75
23,Wood,Republic of the Congo,13,,2.96
18,Granite,Iran,5,,-1.8
29,Wood,Brazil,9,0.0674412343,0.02
20,Stone,Indonesia,10,0.0616204247,-4.47
16,Rubber,China,7,0.1146026984,-2.22
14,Glass,Indonesia,9,,-1.99
18,Rubber,Indonesia,6,0.422819221,-0.74
29,Plexiglass,Venezuela,5,0.0761009031,-7.77
23,Vinyl,Brazil,9,0.1547504456,-1.81
30,Brass,Argentina,10,0.0126602406,1.85
13,Plexiglass,Nepal,8,0.1977408561,5.15
18,Brass,Tanzania,8,0.1463382361,-7.06
15,Aluminum,Indonesia,10,0.1072337251,-0.85
27,Glass,Philippines,7,0.0695339951,1.26
24,Steel,China,8,0.536560556,2.37
20,Stone,Russia,8,0.1228121973,0.81
14,Granite,Cuba,8,0.3486352534,2.56
23,Brass,Mongolia,10,0.0148431112,-0.93
26,Aluminum,China,13,0.2156711373,-1.65
14,Aluminum,Albania,9,0.2808283136,-0.47
19,Rubber,Namibia,7,0.0664979037,0.93
21,Stone,Russia,10,0.0626024323,-5.12
14,Aluminum,China,11,0.4079645549,4.98
12,Plexiglass,Peru,10,0.4579111094,-3.68
29,Plexiglass,Ghana,8,0.0100200619,0.36
26,Aluminum,Colombia,13,,1.26
19,Brass,China,6,0.1274389723,-4.04
30,Stone,Philippines,10,,3.05
30,Granite,Japan,8,0.1530527106,-1.6
15,Stone,Yemen,9,0.240544746,-3.7
20,Steel,Macedonia,8,,1.57
12,Brass,China,9,,1.45
27,Granite,South Korea,7,0.0547320275,-6.06
15,Plexiglass,Bosnia and Herzegovina,9,0.0647212398,3.02
14,Brass,Sweden,12,0.3864272826,3.05
23,Glass,Egypt,17,0.2109851419,-1.07
11,Steel,Serbia,9,0.0386963568,2.48
27,Rubber,Mongolia,6,,-2.37
23,Steel,North Korea,4,0.2620897707,-2.35
20,Granite,Indonesia,13,,1.62
25,Plastic,Indonesia,3,0.1701600401,2.57
28,Vinyl,Moldova,15,0.1328687647,-1.41
29,Plexiglass,Portugal,8,1.0932687572,-1.99
26,Granite,Belarus,12,0.0820167567,2.13
16,Steel,Indonesia,9,,-0.05
17,Glass,Czech Republic,8,0.0774542446,1.17
13,Plexiglass,China,12,0.3924728757,-0.08
13,Steel,New Zealand,9,0.2324589209,-6.07
12,Vinyl,Canada,4,0.0559555323,-1.12
14,Stone,Lithuania,11,,-1.01
17,Steel,Morocco,5,0.4578525072,-4.49
11,Aluminum,China,6,0.4439816628,0.41
14,Glass,China,7,0.938207136,1.07
18,Granite,Philippines,11,0.5473513955,8.82
22,Steel,Philippines,6,0.1197868249,2.29
17,Brass,Poland,5,0.362471976,-3.07
27,Stone,Ukraine,5,0.0205883794,-0.62
29,Steel,Dominican Republic,6,,4.3
12,Brass,Mexico,10,0.0243052467,0.17
21,Wood,Mexico,10,0.0863272825,3.84
25,Plastic,China,8,0.1406804833,-0.29
15,Vinyl,Saint Vincent and the Grenadines,9,0.2850973721,3.77
22,Plexiglass,Nigeria,10,0.1128427499,1.07
12,Wood,Russia,9,0.0156255345,-1.66
24,Steel,Indonesia,8,0.2134734763,0.83
23,Wood,Tanzania,6,,-0.11
22,Granite,Portugal,6,0.3573027696,-2.56
15,Glass,Argentina,10,0.1113982275,5.09
15,Vinyl,Mexico,9,0.1338341236,1.72
21,Aluminum,Poland,8,0.1260589086,-1.06
10,Wood,Nigeria,10,0.0930062618,1.15
12,Stone,China,12,0.037635036,3.19
30,Aluminum,Brazil,9,,-1.44
14,Stone,Poland,10,0.0672579104,1.14
11,Glass,Croatia,10,0.1344366831,3.07
26,Plastic,Sweden,11,0.1648577943,3.39
22,Rubber,Philippines,8,0.2931446573,-2.11
11,Stone,China,6,0.1726470424,-1.96
13,Rubber,Myanmar,11,0.0645696214,0.9
19,Glass,Japan,8,0.3229815649,-5.67
20,Plastic,Philippines,9,0.2070854859,0.04
15,Stone,China,16,,-1.56
21,Plastic,Indonesia,8,0.0408387523,-2.04
10,Aluminum,Armenia,11,0.0639587835,-2.36
17,Stone,Syria,8,0.4557099726,2.9
16,Vinyl,Czech Republic,6,0.1137120163,5.5
27,Glass,Palestinian Territory,11,0.0238840774,0.17
22,Plexiglass,China,9,0.0073090664,3.75
20,Steel,Russia,14,0.21369019,6.26
10,Granite,Peru,9,0.4928003165,1.38
26,Vinyl,Colombia,6,0.1742501424,1.27
14,Vinyl,Thailand,9,0.0235196284,-0.8
14,Wood,Mongolia,4,0.2313993965,-1.04
15,Steel,Poland,7,0.4140619345,-2.9
25,Glass,Thailand,6,0.0021137797,-0.89
27,Wood,Mexico,6,,0.74
10,Glass,Thailand,7,0.0940051668,4.43
16,Plastic,Portugal,10,,-0.73
25,Wood,Finland,10,0.2351213506,-3.35
23,Aluminum,Indonesia,8,,3.78
17,Stone,China,7,,-5.54
16,Plastic,China,14,0.3840882641,-3.95
17,Plexiglass,Kazakhstan,11,0.1739506602,2.7
15,Aluminum,Philippines,12,0.1489284719,-4.12
14,Vinyl,Gabon,7,,2.18
30,Rubber,China,10,0.2502886766,-0.8
26,Brass,United States,9,0.2552004168,2.78
11,Plastic,Brazil,14,,-0.21
30,Rubber,Philippines,9,0.056325425,0.11
14,Vinyl,Nepal,10,0.0538003318,0.14
10,Plastic,United States,11,0.0430240363,-2.56
26,Brass,Indonesia,4,0.0142668451,-3.22
19,Stone,Luxembourg,7,,3.4
19,Plastic,China,9,0.0061181514,-1.99
18,Stone,China,16,0.0704042409,-1.21
28,Rubber,China,12,,1.08
15,Wood,Philippines,10,0.3968826819,-1.48
17,Rubber,Croatia,4,,0.83
20,Steel,China,10,0.147179062,-3.09
19,Plexiglass,Ivory Coast,9,,-0.75
17,Brass,China,14,0.4057780366,-2.97
11,Steel,Indonesia,7,,-4.73
19,Brass,China,10,0.8582554466,-4.02
26,Granite,Russia,10,0.5149779115,1.06
26,Wood,Canada,8,0.2212200733,-2.36
25,Stone,China,9,0.0034601379,-3.66
23,Granite,Indonesia,12,0.3854230577,0.92
15,Vinyl,Sweden,11,0.0784890145,-6.92
26,Plexiglass,Russia,7,,4.21
27,Plastic,Russia,8,0.1582438638,-2.94
22,Plastic,Indonesia,7,,-4.14
13,Aluminum,Poland,9,0.5991590301,1.44
17,Wood,Norway,7,0.19366739,-2.89
22,Glass,Honduras,10,0.0129741009,-2.37
11,Plastic,Russia,4,0.1640065789,-5.33
20,Brass,Venezuela,11,0.5614240261,0.83
25,Vinyl,Japan,9,0.0573351153,0.07
17,Stone,Russia,10,0.0377483376,-4.46
11,Plexiglass,Netherlands,8,0.1181909814,-4.68
21,Brass,Thailand,6,0.0347915051,2.26
19,Glass,Argentina,12,0.1133237252,3.35
12,Glass,Russia,5,0.1717353425,-1.93
16,Glass,Brazil,8,0.015775768,1.8
19,Rubber,China,10,0.1486642963,-1.65
12,Brass,Mexico,13,0.1934936524,1.43
16,Rubber,Colombia,10,0.1292031304,2.53
28,Plastic,Philippines,10,,-3.55
30,Aluminum,Indonesia,11,0.3616376116,-0.11
26,Wood,Indonesia,15,,-0.31
20,Brass,Thailand,8,0.2928671304,-1.01
24,Wood,Armenia,5,0.0154668879,1.78
25,Brass,Yemen,9,0.044918841,-1.51
21,Plastic,Russia,8,0.2061716425,0.3
19,Aluminum,China,9,,2.41
26,Aluminum,Indonesia,8,0.1929916772,-9.38
17,Stone,Nigeria,9,0.2942780489,1.63
24,Steel,French Polynesia,10,,0.3
25,Glass,Brazil,4,0.5492919938,0.59
24,Steel,Czech Republic,8,0.1822941427,1.12
17,Stone,New Zealand,8,0.1060423321,-2.96
24,Stone,Peru,5,0.1866367587,0.21
15,Stone,Russia,8,0.0245446969,-1.26
20,Wood,Portugal,7,0.3827124897,1.55
19,Brass,South Africa,5,0.4425551284,-2.59
16,Plexiglass,Portugal,14,0.0086651047,-1.11
29,Steel,Peru,9,0.0919650404,2.69
24,Glass,Greece,7,0.1752184375,-0.73
14,Aluminum,Vietnam,9,0.0159090056,3.11
17,Plastic,Russia,9,0.1858177506,0.7
16,Steel,Ukraine,8,0.0540589665,3.77
28,Granite,China,7,0.109061489,-1.29
25,Wood,Indonesia,9,0.0487612252,-2.47
27,Brass,China,18,0.0442576865,3.32
25,Steel,Serbia,19,0.388181224,-0.66
14,Glass,Russia,6,,-0.04
11,Rubber,Portugal,6,0.0299064731,0.85
25,Brass,Russia,11,,0.79
27,Plexiglass,Brazil,9,0.2088390624,-2.22
27,Vinyl,China,7,0.1832391752,0.67
20,Aluminum,France,11,0.2481122721,0.49
15,Granite,South Korea,7,,-2.55
11,Steel,Russia,5,0.0953097514,6.96
11,Plexiglass,Portugal,12,0.0738759817,-5.57
15,Plastic,China,5,0.0944534843,2.73
25,Brass,Indonesia,8,,-2.5
20,Plexiglass,Mexico,3,,3.03
14,Plexiglass,Thailand,8,0.0337557104,1.04
21,Granite,Poland,7,0.1187286873,0.72
20,Vinyl,Indonesia,9,0.0172092633,1.0
25,Steel,Philippines,9,0.0080521734,-2.79
20,Glass,Russia,8,0.0102141898,-2.77
22,Granite,China,11,0.4128222979,0.8
10,Plastic,Russia,12,,-1.27
22,Stone,Ukraine,9,,-1.97
12,Rubber,Philippines,12,0.1680116939,-2.6
26,Steel,Czech Republic,9,0.128127204,2.08
21,Vinyl,Russia,7,0.1069750382,1.23
15,Steel,Kosovo,8,0.162139481,2.93
27,Vinyl,Ukraine,5,0.1360756589,-3.26
12,Stone,Brazil,7,0.2089543269,0.44
29,Vinyl,Indonesia,11,0.3369140359,3.11
25,Plexiglass,Indonesia,9,0.2609427355,-3.47
12,Glass,Indonesia,8,0.0176668363,-1.02
11,Plastic,China,10,0.4887764862,3.96
13,Stone,Slovenia,6,0.2855460023,1.83
27,Plastic,Egypt,5,0.3494168289,2.47
17,Plastic,Indonesia,7,,5.41
13,Wood,Aland Islands,8,0.145073202,8.4
24,Plastic,Philippines,10,0.0547426677,-5.23
24,Rubber,Norway,8,0.5338561441,-0.5
15,Wood,China,10,,-2.26
12,Plastic,Poland,9,0.4442996595,-0.31
11,Wood,Canada,14,0.0564680329,2.75
26,Wood,Czech Republic,7,0.0331413536,-1.01
20,Stone,Syria,3,0.0310102642,-4.37
22,Aluminum,Canada,14,0.663034723,3.23
14,Brass,Poland,7,0.1262159557,1.86
16,Stone,China,7,0.2787555769,-3.01
10,Plastic,Indonesia,6,0.0456785161,-4.3
28,Plexiglass,China,7,,9.87
20,Wood,Thailand,10,0.0349021449,0.26
15,Granite,China,9,0.5070838091,-3.38
14,Steel,Vietnam,9,,-2.3
18,Plastic,South Africa,7,0.1397635583,2.81
20,Stone,Chile,9,0.4534090514,0.34
27,Steel,China,13,0.2451114121,2.71
15,Glass,China,11,0.0724176459,-1.9
19,Brass,Ethiopia,7,0.1697589159,-4.35
19,Steel,China,10,0.1398729098,-0.94
28,Aluminum,Mexico,8,0.0774482108,-3.33
28,Granite,China,5,0.1836059936,-2.12
23,Glass,China,9,0.3468860624,1.76
10,Steel,Tanzania,12,,1.63
15,Aluminum,Honduras,10,0.276837214,-3.15
30,Plastic,China,5,0.2218738317,-1.28
29,Stone,Russia,9,0.2348695708,-2.14
18,Granite,Japan,5,0.304500532,-1.12
10,Rubber,China,10,,-4.06
29,Plexiglass,Philippines,5,0.0498236523,-0.01
28,Wood,Indonesia,11,0.5429806558,3.94
12,Plexiglass,Niger,10,,-3.46
17,Stone,Sweden,9,0.1314228918,0.52
13,Aluminum,United States,9,0.1789395611,0.04
16,Plexiglass,Albania,6,,-0.44
13,Glass,Ukraine,11,,-1.4
12,Plexiglass,Norway,6,0.3775961055,1.98
23,Plexiglass,Greece,6,,-2.54
25,Vinyl,Indonesia,6,0.0652061093,0.92
16,Brass,Zambia,8,0.2596015645,-1.1
23,Vinyl,Russia,5,,0.88
23,Rubber,China,15,0.0390146496,-3.79
19,Aluminum,Sweden,6,,2.88
15,Glass,Indonesia,10,,-5.62
13,Stone,United Kingdom,5,,-0.45
29,Aluminum,Pakistan,14,,4.95
19,Plastic,Thailand,6,,0.26
29,Vinyl,Indonesia,14,0.0719359246,-5.21
22,Plastic,Benin,16,0.0794286941,-4.62
25,Plexiglass,China,17,0.1105705524,-3.67
17,Vinyl,China,7,0.2452680878,0.93
16,Rubber,Angola,13,0.1974990096,-1.63
19,Plexiglass,China,17,0.0720011672,0.02
23,Vinyl,Bolivia,11,,-2.42
22,Steel,Portugal,5,0.0178170375,2.87
14,Steel,Mexico,9,,2.65
29,Steel,China,10,0.1252836778,1.6
11,Brass,China,9,0.0649242381,0.49
21,Stone,China,5,0.0639094751,4.54
18,Brass,Colombia,6,0.3412063338,-1.3
30,Granite,Indonesia,14,0.2041100962,4.55
13,Wood,Argentina,5,0.0712909246,-5.3
18,Glass,Malaysia,7,,-3.56
12,Steel,China,11,0.4672089684,-3.23
13,Plastic,Ukraine,10,0.0145301451,-1.68
21,Steel,Philippines,8,0.0561452188,-0.59
18,Steel,Pakistan,3,0.0532795599,-2.12
20,Glass,Philippines,10,0.3018086995,7.31
21,Glass,Indonesia,5,0.0479142155,-1.26
12,Glass,Poland,6,0.3878045632,-1.64
29,Plastic,Portugal,9,,-2.78
17,Plexiglass,Portugal,15,0.1037142265,-0.65
22,Brass,Croatia,10,0.3707877254,0.31
18,Steel,Afghanistan,10,0.0144638981,6.48
20,Vinyl,Philippines,9,,0.89
18,Plastic,Thailand,5,0.0510737612,1.99
16,Glass,Philippines,7,0.0612140571,1.85
27,Vinyl,Egypt,7,,1.41
26,Glass,Botswana,5,0.0489706711,4.76
11,Vinyl,China,7,0.0384432154,3.64
12,Rubber,Czech Republic,11,0.1829583612,3.78
14,Rubber,Indonesia,13,,2.18
23,Granite,Philippines,11,0.329212758,-2.73
27,Glass,Russia,9,,0.46
16,Vinyl,Indonesia,4,0.0781972195,2.59
21,Glass,Brazil,10,0.1036362049,2.92
24,Wood,Vietnam,14,0.203768255,1.6
26,Glass,Slovenia,10,0.041480118,2.82
27,Vinyl,United States,18,0.0912501751,0.27
15,Steel,Indonesia,6,0.0115770789,-1.48
14,Wood,China,16,,0.83
20,Vinyl,China,3,0.0775768808,-0.11
30,Plastic,Japan,12,0.2688607931,2.78
17,Aluminum,Moldova,10,0.675369399,-0.34
28,Wood,Brazil,12,0.2539841477,-1.17
22,Brass,Russia,7,,1.12
11,Stone,Brazil,7,0.022110979,0.03
11,Steel,Honduras,12,,6.51
28,Stone,United States,10,0.4883519201,5.72
27,Vinyl,Slovenia,6,0.1578900426,1.06
16,Aluminum,China,6,0.0316100474,-1.08
10,Vinyl,China,7,0.2182395598,0.24
26,Aluminum,El Salvador,11,0.6343505999,-0.34
25,Wood,Cyprus,11,0.0037518425,-0.54
17,Stone,Greece,7,0.8670283963,0.67
29,Steel,Poland,9,0.0458488235,-7.34
14,Rubber,France,8,0.1729774729,0.67
22,Brass,Portugal,5,0.5287837888,-7.08
20,Aluminum,Sweden,7,0.068940351,1.6
28,Plastic,Poland,12,0.156536602,-2.39
27,Granite,China,10,0.0016372372,1.11
18,Aluminum,Indonesia,12,,-4.06
16,Granite,Indonesia,6,0.5299427643,0.36
17,Rubber,Greece,7,0.191085703,6.23
16,Rubber,Sweden,11,0.2006283684,4.47
16,Stone,Peru,10,0.0505639393,-3.24
16,Plastic,China,12,0.9051940386,0.89
14,Plexiglass,Nigeria,8,0.0958792038,0.15
22,Plastic,Philippines,10,,0.55
14,Brass,Russia,4,0.0401663129,0.01
23,Granite,China,10,0.2236007375,1.6
17,Stone,Syria,12,0.439127694,-2.76
21,Plexiglass,Hungary,10,0.1690182977,4.23
23,Wood,China,8,0.0063864727,4.11
12,Plastic,Russia,12,0.0419898299,-1.18
19,Glass,Poland,14,,-0.31
21,Plexiglass,China,9,,-1.39
21,Plexiglass,Tanzania,5,,-0.62
11,Wood,Indonesia,6,,0.19
23,Vinyl,Tajikistan,6,0.4198345258,2.67
15,Plexiglass,China,8,0.2906823179,-0.96
12,Stone,Poland,5,0.0641084749,-3.85
11,Granite,Russia,9,0.6197798794,6.01
20,Stone,China,6,,-1.57
14,Rubber,United States,10,0.2028185027,-2.5
20,Rubber,Portugal,12,,1.99
15,Wood,Portugal,14,0.1104520577,-0.15
22,Aluminum,Indonesia,3,0.0878020296,0.86
23,Wood,United States,11,,-2.45
18,Rubber,France,9,0.1457971198,3.29
30,Wood,United States,7,0.0170022932,-3.69
20,Stone,China,17,0.3605666993,4.2
24,Steel,Indonesia,11,0.2502252033,2.18
25,Granite,China,9,0.0850057272,1.59
27,Vinyl,Chile,13,,2.79
27,Brass,Cameroon,9,0.0643501121,-0.37
13,Vinyl,Poland,3,0.1781854533,2.47
20,Rubber,Poland,6,0.1592809615,-2.69
28,Steel,Azerbaijan,9,0.1019087799,0.2
15,Wood,Sweden,5,0.0138413169,0.61
10,Granite,Egypt,7,0.0604251296,-2.86
13,Plastic,United States,11,0.0209076003,-4.78
18,Plastic,Philippines,7,,1.18
17,Steel,Indonesia,12,0.6680275311,-0.36
25,Wood,China,8,,-2.29
28,Granite,Indonesia,10,0.1141528102,-3.35
14,Glass,Japan,10,0.5669553704,-1.74
26,Steel,Portugal,8,0.2038565163,1.02
23,Rubber,Indonesia,8,0.008803288,0.18
17,Brass,Greece,9,0.0032089378,-0.73
25,Steel,Tanzania,14,0.076284464,3.64
12,Stone,Portugal,6,0.134522309,2.23
11,Aluminum,Sweden,7,0.1250123871,-1.91
15,Aluminum,Indonesia,11,,-2.02
24,Rubber,United States,12,0.0434291802,-3.67
10,Rubber,China,8,,0.37
10,Aluminum,Poland,16,0.0409833338,-2.86
12,Glass,Indonesia,7,,1.51
28,Stone,Argentina,13,0.1567391732,-0.82
24,Rubber,Japan,8,,1.45
29,Stone,Poland,9,0.4629036847,5.61
17,Brass,Finland,9,,-0.21
10,Vinyl,United States,6,0.0749217578,0.66
11,Rubber,Croatia,8,,-0.33
30,Rubber,Poland,9,,-3.55
20,Vinyl,Indonesia,9,0.0125491092,-2.49
10,Granite,Marshall Islands,11,,-5.08
25,Brass,Sweden,10,0.078321464,-5.47
10,Stone,Portugal,7,0.0197517007,-0.42
20,Aluminum,United States,13,0.0076867395,-0.21
23,Steel,Sweden,4,0.0075297881,0.36
30,Stone,Peru,6,0.0307636503,-3.6
13,Stone,Colombia,7,,-1.5
11,Granite,Brazil,8,,-1.39
13,Rubber,Vietnam,6,0.2101352544,0.71
21,Plexiglass,Philippines,11,0.0026662925,-1.93
22,Glass,Philippines,12,0.6024292321,-4.41
13,Rubber,China,6,0.7211722133,-1.44
25,Rubber,Indonesia,7,0.0513689865,-0.54
13,Stone,Portugal,8,0.2026361978,-1.36
15,Aluminum,Poland,9,0.7804332043,-5.48
20,Stone,Indonesia,14,0.1408136164,-5.74
16,Glass,Latvia,8,0.0219634202,-4.14
17,Steel,Philippines,15,0.2344969513,-7.23
13,Stone,Canada,6,0.1614679834,0.51
23,Rubber,Indonesia,7,0.37375634,1.64
18,Plexiglass,Dominican Republic,9,0.4984883958,1.98
17,Brass,Philippines,12,0.2389833142,-4.11
17,Plexiglass,Indonesia,11,0.0591497553,-3.46
10,Granite,Peru,9,0.0820551037,-1.51
24,Rubber,China,8,,-0.58
28,Granite,Philippines,8,0.1594889721,-0.93
19,Plastic,French Polynesia,12,0.004010315,0.42
23,Aluminum,China,7,0.2349332908,-2.95
14,Plexiglass,Poland,12,0.3636984799,3.88
30,Granite,Albania,11,0.0582258487,-0.63
19,Aluminum,Germany,12,0.0505631172,1.98
11,Glass,Indonesia,10,0.098253953,-0.54
10,Glass,Vietnam,9,,1.15
25,Plexiglass,United States,5,,6.56
25,Plexiglass,Poland,4,0.3201621678,1.16
16,Vinyl,Portugal,6,,1.84
28,Steel,Indonesia,4,,-0.96
21,Brass,Portugal,9,0.0163686876,1.17
22,Aluminum,Palestinian Territory,8,,-1.08
13,Stone,Jamaica,6,,0.96
24,Plexiglass,Mexico,10,,1.57
20,Wood,Brazil,9,0.0493702074,2.38
18,Wood,Russia,8,0.1084788136,-3.09
15,Rubber,Brazil,4,0.1130674619,2.95
24,Plastic,Japan,10,0.0267861418,1.16
12,Plastic,Sweden,11,0.2270702529,-3.58
26,Vinyl,Brazil,19,,-1.01
30,Rubber,Swaziland,9,0.0300459639,5.91
25,Vinyl,Portugal,9,0.0126469604,-4.92
22,Wood,China,6,,0.12
18,Granite,Nigeria,9,,-0.64
21,Aluminum,China,7,0.1804297863,4.26
12,Brass,China,5,0.4520187805,2.03
22,Aluminum,Sweden,16,0.1666837907,-6.3
18,Plexiglass,China,11,0.1699946636,-1.06
27,Vinyl,Mexico,6,0.0426557919,4.01
28,Brass,Sweden,11,0.0076293884,-3.99
18,Rubber,Peru,13,0.0040241585,-0.31
24,Plexiglass,Portugal,10,0.1920066641,-0.65
18,Aluminum,Portugal,7,0.3972117145,5.3
25,Granite,Portugal,11,,-1.4
29,Rubber,Sweden,12,0.0853248046,-1.77
15,Plexiglass,Costa Rica,8,,-3.53
10,Wood,China,6,0.1046043544,-2.74
28,Rubber,Indonesia,6,0.0700021143,-3.27
14,Rubber,China,10,0.0548999154,1.86
23,Rubber,China,9,0.0405987146,-3.52
21,Glass,Belarus,8,0.1749771526,3.03
20,Vinyl,Russia,10,0.165933501,-2.04
24,Glass,Ukraine,8,0.0667325771,-1.18
23,Vinyl,United Kingdom,7,0.3219323366,-3.61
27,Vinyl,Indonesia,10,,1.51
13,Rubber,Canada,8,,-1.96
21,Plastic,Pakistan,4,0.2587201263,2.61
19,Rubber,Russia,16,0.1233352724,-0.24
26,Brass,Ukraine,17,0.1796858481,-3.89
28,Wood,Philippines,9,0.2296568158,2.48
13,Stone,El Salvador,13,0.0291588459,4.47
21,Wood,Vanuatu,12,0.1074150812,1.31
24,Rubber,Indonesia,13,0.0543659699,-6.29
26,Plastic,Indonesia,5,0.0366212159,-2.62
29,Brass,South Africa,5,0.1666955579,3.55
15,Brass,United States,7,0.0131052982,0.92
21,Plexiglass,Argentina,12,0.0324909254,3.28
16,Plastic,Indonesia,11,0.2559463403,-0.78
29,Glass,Czech Republic,6,0.3997417284,0.48
30,Plexiglass,Indonesia,7,0.0937786129,3.04
21,Glass,Indonesia,12,,-0.48
29,Vinyl,China,11,0.0561949006,-1.39
19,Vinyl,Azerbaijan,10,0.1788428602,-1.82
27,Brass,Brazil,15,0.0780335899,0.59
18,Plexiglass,Costa Rica,4,,-0.3
23,Glass,Philippines,4,,0.22
15,Steel,China,16,0.1479466566,-1.34
23,Granite,Ukraine,5,0.5340967646,-0.96
26,Plexiglass,Colombia,7,,-5.37
24,Aluminum,Greece,10,0.0786986057,4.12
15,Brass,South Africa,10,0.2428501258,0.84
18,Glass,Sweden,10,0.0059452305,0.05
24,Brass,China,16,0.0794599499,0.84
21,Granite,France,6,0.1142945783,0.93
29,Aluminum,Dominica,12,0.0285740661,-2.41
12,Wood,Brazil,2,0.4564373237,5.11
10,Stone,United States,9,,-1.9
21,Vinyl,Portugal,9,0.1548925452,0.78
12,Vinyl,China,6,0.0990192247,-5.29
11,Glass,China,10,0.2123652593,1.45
26,Plastic,Indonesia,9,0.3665853842,5.63
25,Glass,Brazil,11,0.2305530528,-2.1
24,Steel,China,9,0.1128299403,-2.43
16,Rubber,China,17,0.3826591079,-1.89
14,Steel,Poland,10,,4.22
29,Stone,Canada,10,0.1724903849,1.54
14,Granite,El Salvador,6,0.4665812492,-2.62
18,Stone,Philippines,10,0.1723187384,0.57
15,Granite,China,9,,-4.51
11,Aluminum,Poland,15,0.1417556517,-5.41
14,Rubber,China,9,0.0118674552,2.5
28,Plastic,Indonesia,6,,0.76
13,Wood,Norway,15,,0.8
27,Aluminum,China,7,0.1044259903,3.43
22,Glass,Ukraine,16,0.0209724737,0.96
27,Brass,Japan,12,,2.33
27,Aluminum,United States,8,,-1.31
26,Rubber,Afghanistan,10,0.0715582956,-0.08
24,Stone,Indonesia,13,0.0369012363,-0.36
21,Aluminum,Indonesia,6,0.0274202365,-1.17
16,Vinyl,China,4,0.6092904136,-0.78
26,Aluminum,China,6,,0.84
26,Granite,Russia,7,0.0066579987,4.32
15,Wood,Pakistan,9,0.1392873254,1.63
23,Wood,China,6,,-2.53
21,Granite,Indonesia,9,0.0115721268,-6.26
27,Vinyl,Russia,9,0.0736789799,-3.89
29,Wood,Serbia,5,0.540405746,-2.25
12,Steel,Indonesia,11,0.0578108004,5.43
14,Brass,Indonesia,10,,-1.99
13,Granite,Poland,9,0.0184472317,0.77
24,Stone,France,8,0.1112715398,-1.73
13,Plexiglass,China,10,,0.85
17,Aluminum,Croatia,6,0.0415503441,0.4
27,Brass,Czech Republic,9,0.1250276503,-2.43
30,Granite,China,11,0.2278496977,-0.07
25,Vinyl,China,4,0.287050861,2.86
22,Wood,Armenia,7,0.59434707,3.35
14,Aluminum,Philippines,11,0.3039505436,2.79
19,Plastic,Russia,6,0.0858083741,-2.96
22,Stone,Mexico,5,0.1001178736,2.77
23,Granite,Ireland,6,0.0780555675,0.01
12,Vinyl,China,14,,5.04
26,Rubber,Indonesia,9,0.2522464582,-0.54
12,Vinyl,Sweden,12,0.4155654839,2.11
25,Glass,Russia,12,,-3.67
12,Stone,Afghanistan,10,0.1271679695,-0.78
25,Glass,Portugal,10,,-2.95
14,Glass,Kosovo,3,,0.71
29,Steel,Philippines,14,0.0207407672,-3.33
23,Granite,Sierra Leone,5,,-0.49
26,Brass,Portugal,13,0.0700677505,0.31
13,Steel,Canada,9,0.0550988927,-1.86
13,Brass,China,8,,3.02
18,Wood,Indonesia,6,,0.21
22,Brass,France,10,0.1991951635,-0.63
29,Stone,Russia,8,,-4.18
11,Wood,Indonesia,8,0.213905994,2.25
28,Aluminum,Brazil,5,,3.31
14,Vinyl,Thailand,13,0.1949482259,1.48
13,Stone,China,6,0.6980382313,1.26
23,Rubber,Netherlands,5,,2.75
16,Wood,China,11,0.273481063,3.11
13,Rubber,Ecuador,11,,4.24
30,Stone,Malaysia,4,0.000182897,-2.2
10,Aluminum,Poland,9,0.9669786716,0.17
24,Vinyl,Benin,7,0.2170093644,0.26
26,Stone,Macedonia,11,,0.45
15,Aluminum,Poland,11,,-4.21
20,Plastic,United States,5,0.049976792,2.06
30,Brass,Uruguay,8,0.1803451914,3.89
16,Plexiglass,Russia,8,0.0176734419,-0.25
26,Steel,Mexico,9,0.0657476361,4.06
27,Granite,Portugal,3,,-3.22
30,Stone,Indonesia,5,0.1556171826,0.22
27,Vinyl,China,8,0.0548929549,1.26
24,Wood,Serbia,13,0.4032961708,-0.14
20,Stone,Nigeria,6,0.0704467468,0.51
15,Vinyl,China,13,0.0963664005,-1.61
14,Stone,Mayotte,10,0.0244067524,-4.25
30,Rubber,Russia,4,,2.96
19,Wood,Philippines,11,0.8348540618,2.83
13,Granite,Brazil,10,0.0236679522,-0.22
16,Brass,El Salvador,8,0.2619195075,1.17
16,Brass,Indonesia,8,,-2.37
30,Steel,Philippines,11,0.0257975461,-3.32
22,Brass,Brazil,4,0.1339780298,0.91
12,Steel,France,10,0.1627961386,-2.42
19,Stone,Bangladesh,9,,-1.04
10,Stone,Madagascar,7,,-2.71
18,Steel,Russia,7,0.2223536827,-0.12
14,Steel,Philippines,8,0.2675929839,4.31
27,Aluminum,Costa Rica,8,0.2160073666,-0.12
15,Vinyl,Serbia,11,0.4777183667,-2.1
14,Wood,China,8,0.2950727872,-2.19
27,Wood,French Polynesia,6,,-1.03
15,Plexiglass,Colombia,13,0.221569651,-2.68
30,Plexiglass,Libya,10,,-1.35
25,Brass,Philippines,9,0.0842362392,-2.53
23,Granite,China,9,0.0369333755,-3.58
29,Granite,Ukraine,12,0.3210824716,0.44
28,Aluminum,Finland,15,,-3.48
28,Glass,Mongolia,11,0.1384741179,-2.23
10,Steel,United States,12,0.3326995309,-1.32
16,Steel,Panama,8,0.1559379144,1.29
17,Rubber,Tajikistan,8,0.2984894367,1.14
17,Stone,China,5,0.1031572325,-5.55
23,Plastic,Argentina,9,0.161967436,-1.98
12,Rubber,Philippines,8,0.7552667498,1.26
19,Wood,Sweden,12,0.2763511572,-3.5
16,Brass,Argentina,9,0.0224162103,4.16
29,Plexiglass,Peru,10,1.0387473017,1.97
12,Granite,Poland,7,0.000605179,-1.97
15,Wood,United States,5,0.0298611169,-0.68
19,Stone,Portugal,6,0.0426680603,5.18
12,Plastic,South Africa,7,0.0150321578,-0.36
11,Glass,Indonesia,8,,4.46
21,Glass,Brazil,5,0.2627907261,-1.86
25,Steel,France,7,0.2698689064,1.63
23,Wood,Philippines,9,0.3215934516,-0.08
